{"cameraMode":{"drawMode":0,"name":"Shaded","section":"Shading Mode"},"sceneLighting":false,"audioPlay":false,"sceneViewState":{"m_AlwaysRefresh":false,"showFog":true,"showSkybox":true,"showFlares":true,"showImageEffects":true,"showParticleSystems":true,"showVisualEffectGraphs":true,"m_FxEnabled":true},"in2DMode":false,"pivot":{"x":31.9360294342041,"y":5.91594934463501,"z":12.972766876220704},"rotation":{"x":-0.00013422133633866906,"y":0.9924156665802002,"z":-0.12329157441854477,"w":-0.001181331928819418},"size":9.146836280822754,"orthographic":true}